{"f_3dB": 31811372681.25789, "insertion_loss_DC": 0.1636606420987765, "roll_off_factor": 1.2470696881403533, "parasitic_loss_factor": 0.0}